[
  {
    "id": "dev-001",
    "hash": "ac83f72e",
    "name": "Outsourced Developer 1",
    "email": "dev1@example.com",
    "assignedModules": ["user-management", "track-upload"],
    "accessGranted": "2025-03-15",
    "accessExpires": "2025-06-15"
  },
  {
    "id": "dev-002",
    "hash": "b47d19c3",
    "name": "Outsourced Developer 2",
    "email": "dev2@example.com",
    "assignedModules": ["royalty-calculation", "analytics"],
    "accessGranted": "2025-03-20",
    "accessExpires": "2025-09-20"
  },
  {
    "id": "dev-003",
    "hash": "e91c56f2",
    "name": "Outsourced Developer 3",
    "email": "dev3@example.com",
    "assignedModules": ["blockchain-integration", "rights-management"],
    "accessGranted": "2025-03-01",
    "accessExpires": "2025-06-01"
  },
  {
    "id": "team-alpha",
    "hash": "7f342d8b",
    "name": "Team Alpha",
    "email": "team-alpha@contractor.com",
    "assignedModules": ["distribution-api", "streaming-platforms-integration"],
    "accessGranted": "2025-03-10",
    "accessExpires": "2025-12-31"
  },
  {
    "id": "team-beta",
    "hash": "28c5a9e6",
    "name": "Team Beta",
    "email": "team-beta@contractor.com",
    "assignedModules": ["frontend-ui", "user-experience"],
    "accessGranted": "2025-03-05",
    "accessExpires": "2025-08-05"
  }
]