{
  "totalEndpoints": 103,
  "validatedEndpoints": 18,
  "validationCoverage": "17.48%",
  "highRiskEndpoints": 40,
  "highRiskValidated": 11,
  "highRiskCoverage": "27.50%",
  "endpoints": [
    {
      "method": "POST",
      "path": "/batch-calculate",
      "file": "routes/royalty.ts",
      "hasValidation": false,
      "riskLevel": "high",
      "lineNumber": 31
    },
    {
      "method": "GET",
      "path": "/calculations",
      "file": "routes/royalty.ts",
      "hasValidation": false,
      "riskLevel": "low",
      "lineNumber": 132
    },
    {
      "method": "GET",
      "path": "/splits",
      "file": "routes/royalty.ts",
      "hasValidation": false,
      "riskLevel": "low",
      "lineNumber": 182
    },
    {
      "method": "POST",
      "path": "/splits/:trackId",
      "file": "routes/royalty.ts",
      "hasValidation": false,
      "riskLevel": "high",
      "lineNumber": 227
    },
    {
      "method": "GET",
      "path": "/statements",
      "file": "routes/royalty.ts",
      "hasValidation": false,
      "riskLevel": "low",
      "lineNumber": 288
    },
    {
      "method": "POST",
      "path": "/integrate-distribution/:distributionId",
      "file": "routes/royalty.ts",
      "hasValidation": false,
      "riskLevel": "high",
      "lineNumber": 349
    },
    {
      "method": "POST",
      "path": "/integrate-distribution-batch",
      "file": "routes/royalty.ts",
      "hasValidation": false,
      "riskLevel": "high",
      "lineNumber": 379
    },
    {
      "method": "GET",
      "path": "/integration-status",
      "file": "routes/royalty.ts",
      "hasValidation": false,
      "riskLevel": "low",
      "lineNumber": 428
    },
    {
      "method": "POST",
      "path": "/batch-calculations",
      "file": "routes/royalty-fix.ts",
      "hasValidation": true,
      "riskLevel": "high",
      "validationSchema": "batchRoyaltyCalculationSchema",
      "lineNumber": 54
    },
    {
      "method": "GET",
      "path": "/status",
      "file": "routes/royalty-fix.ts",
      "hasValidation": true,
      "riskLevel": "low",
      "validationSchema": "statusQuerySchema",
      "lineNumber": 160
    },
    {
      "method": "GET",
      "path": "/platform-rates",
      "file": "routes/royalty-fix.ts",
      "hasValidation": false,
      "riskLevel": "low",
      "lineNumber": 197
    },
    {
      "method": "GET",
      "path": "/splits/:releaseId",
      "file": "routes/royalty-fix.ts",
      "hasValidation": true,
      "riskLevel": "low",
      "validationSchema": "releaseIdParamSchema",
      "lineNumber": 221
    },
    {
      "method": "POST",
      "path": "/splits/:releaseId",
      "file": "routes/royalty-fix.ts",
      "hasValidation": true,
      "riskLevel": "high",
      "validationSchema": "releaseIdParamSchema",
      "lineNumber": 248
    },
    {
      "method": "POST",
      "path": "/splits",
      "file": "routes/royalties.ts",
      "hasValidation": true,
      "riskLevel": "high",
      "validationSchema": "createRoyaltySplitSchema",
      "lineNumber": 35
    },
    {
      "method": "GET",
      "path": "/track/:trackId/splits",
      "file": "routes/royalties.ts",
      "hasValidation": true,
      "riskLevel": "low",
      "validationSchema": "trackIdParamSchema",
      "lineNumber": 63
    },
    {
      "method": "PATCH",
      "path": "/splits/:id",
      "file": "routes/royalties.ts",
      "hasValidation": true,
      "riskLevel": "high",
      "validationSchema": "splitIdParamSchema",
      "lineNumber": 91
    },
    {
      "method": "DELETE",
      "path": "/splits/:id",
      "file": "routes/royalties.ts",
      "hasValidation": true,
      "riskLevel": "high",
      "validationSchema": "splitIdParamSchema",
      "lineNumber": 119
    },
    {
      "method": "GET",
      "path": "/release/:releaseId/shares",
      "file": "routes/royalties.ts",
      "hasValidation": true,
      "riskLevel": "low",
      "validationSchema": "releaseIdParamSchema",
      "lineNumber": 146
    },
    {
      "method": "POST",
      "path": "/shares",
      "file": "routes/royalties.ts",
      "hasValidation": true,
      "riskLevel": "high",
      "validationSchema": "createRevenueShareSchema",
      "lineNumber": 173
    },
    {
      "method": "POST",
      "path": "/statements",
      "file": "routes/royalties.ts",
      "hasValidation": true,
      "riskLevel": "high",
      "validationSchema": "generateStatementsSchema",
      "lineNumber": 198
    },
    {
      "method": "POST",
      "path": "/payments",
      "file": "routes/royalties.ts",
      "hasValidation": true,
      "riskLevel": "high",
      "validationSchema": "processPaymentsSchema",
      "lineNumber": 234
    },
    {
      "method": "GET",
      "path": "/payments/history",
      "file": "routes/royalties.ts",
      "hasValidation": true,
      "riskLevel": "medium",
      "validationSchema": "paymentHistoryQuerySchema",
      "lineNumber": 265
    },
    {
      "method": "GET",
      "path": "/",
      "file": "routes/releases.ts",
      "hasValidation": false,
      "riskLevel": "low",
      "lineNumber": 108
    },
    {
      "method": "GET",
      "path": "/:id",
      "file": "routes/releases.ts",
      "hasValidation": false,
      "riskLevel": "low",
      "lineNumber": 119
    },
    {
      "method": "POST",
      "path": "/:releaseId/validate",
      "file": "routes/releases.ts",
      "hasValidation": false,
      "riskLevel": "high",
      "lineNumber": 141
    },
    {
      "method": "POST",
      "path": "/:releaseId/distribute",
      "file": "routes/releases.ts",
      "hasValidation": false,
      "riskLevel": "high",
      "lineNumber": 171
    },
    {
      "method": "GET",
      "path": "/:releaseId/distribution-status",
      "file": "routes/releases.ts",
      "hasValidation": false,
      "riskLevel": "low",
      "lineNumber": 249
    },
    {
      "method": "GET",
      "path": "/compare-platforms",
      "file": "routes/platform-royalty-analytics.ts",
      "hasValidation": false,
      "riskLevel": "low",
      "lineNumber": 32
    },
    {
      "method": "GET",
      "path": "/platform-timeline",
      "file": "routes/platform-royalty-analytics.ts",
      "hasValidation": false,
      "riskLevel": "low",
      "lineNumber": 125
    },
    {
      "method": "GET",
      "path": "/stats",
      "file": "routes/mobile-api.ts",
      "hasValidation": false,
      "riskLevel": "low",
      "lineNumber": 52
    },
    {
      "method": "GET",
      "path": "/revenue-analytics",
      "file": "routes/mobile-api.ts",
      "hasValidation": false,
      "riskLevel": "low",
      "lineNumber": 85
    },
    {
      "method": "GET",
      "path": "/trending-tracks",
      "file": "routes/mobile-api.ts",
      "hasValidation": false,
      "riskLevel": "low",
      "lineNumber": 121
    },
    {
      "method": "GET",
      "path": "/label-services",
      "file": "routes/mobile-api.ts",
      "hasValidation": false,
      "riskLevel": "low",
      "lineNumber": 317
    },
    {
      "method": "GET",
      "path": "/team-members",
      "file": "routes/mobile-api.ts",
      "hasValidation": false,
      "riskLevel": "low",
      "lineNumber": 349
    },
    {
      "method": "POST",
      "path": "/register-device",
      "file": "routes/mobile-api.ts",
      "hasValidation": false,
      "riskLevel": "high",
      "lineNumber": 380
    },
    {
      "method": "GET",
      "path": "/offline-package",
      "file": "routes/mobile-api.ts",
      "hasValidation": false,
      "riskLevel": "low",
      "lineNumber": 420
    },
    {
      "method": "GET",
      "path": "/catalog",
      "file": "routes/mobile-api.ts",
      "hasValidation": false,
      "riskLevel": "low",
      "lineNumber": 489
    },
    {
      "method": "GET",
      "path": "/notification-settings",
      "file": "routes/mobile-api.ts",
      "hasValidation": false,
      "riskLevel": "low",
      "lineNumber": 655
    },
    {
      "method": "PUT",
      "path": "/notification-settings",
      "file": "routes/mobile-api.ts",
      "hasValidation": false,
      "riskLevel": "high",
      "lineNumber": 738
    },
    {
      "method": "GET",
      "path": "/profile",
      "file": "routes/mobile-api.ts",
      "hasValidation": false,
      "riskLevel": "low",
      "lineNumber": 837
    },
    {
      "method": "PUT",
      "path": "/profile",
      "file": "routes/mobile-api.ts",
      "hasValidation": false,
      "riskLevel": "high",
      "lineNumber": 905
    },
    {
      "method": "GET",
      "path": "/platform-royalty-analytics",
      "file": "routes/mobile-api.ts",
      "hasValidation": false,
      "riskLevel": "low",
      "lineNumber": 1160
    },
    {
      "method": "GET",
      "path": "/platform-comparison",
      "file": "routes/mobile-api.ts",
      "hasValidation": false,
      "riskLevel": "low",
      "lineNumber": 1322
    },
    {
      "method": "GET",
      "path": "/platforms/:platformId/timeline",
      "file": "routes/mobile-api.ts",
      "hasValidation": false,
      "riskLevel": "low",
      "lineNumber": 1393
    },
    {
      "method": "GET",
      "path": "/royalty-calculations",
      "file": "routes/mobile-api.ts",
      "hasValidation": false,
      "riskLevel": "low",
      "lineNumber": 1471
    },
    {
      "method": "POST",
      "path": "/batch-royalty-calculations",
      "file": "routes/mobile-api.ts",
      "hasValidation": false,
      "riskLevel": "high",
      "lineNumber": 1528
    },
    {
      "method": "GET",
      "path": "/releases/:releaseId/royalty-splits",
      "file": "routes/mobile-api.ts",
      "hasValidation": false,
      "riskLevel": "low",
      "lineNumber": 1611
    },
    {
      "method": "PUT",
      "path": "/releases/:releaseId/royalty-splits",
      "file": "routes/mobile-api.ts",
      "hasValidation": false,
      "riskLevel": "high",
      "lineNumber": 1699
    },
    {
      "method": "GET",
      "path": "/integration-status",
      "file": "routes/mobile-api.ts",
      "hasValidation": false,
      "riskLevel": "low",
      "lineNumber": 1808
    },
    {
      "method": "POST",
      "path": "/sync-royalties",
      "file": "routes/mobile-api.ts",
      "hasValidation": false,
      "riskLevel": "high",
      "lineNumber": 1887
    },
    {
      "method": "GET",
      "path": "/royalty-payments",
      "file": "routes/mobile-api.ts",
      "hasValidation": false,
      "riskLevel": "low",
      "lineNumber": 1960
    },
    {
      "method": "GET",
      "path": "/royalty-geography",
      "file": "routes/mobile-api.ts",
      "hasValidation": false,
      "riskLevel": "low",
      "lineNumber": 2100
    },
    {
      "method": "POST",
      "path": "/process/:distributionId",
      "file": "routes/integration.ts",
      "hasValidation": false,
      "riskLevel": "high",
      "lineNumber": 20
    },
    {
      "method": "POST",
      "path": "/process-batch",
      "file": "routes/integration.ts",
      "hasValidation": false,
      "riskLevel": "high",
      "lineNumber": 50
    },
    {
      "method": "POST",
      "path": "/status-change",
      "file": "routes/integration.ts",
      "hasValidation": false,
      "riskLevel": "high",
      "lineNumber": 105
    },
    {
      "method": "GET",
      "path": "/status",
      "file": "routes/integration.ts",
      "hasValidation": false,
      "riskLevel": "low",
      "lineNumber": 140
    },
    {
      "method": "GET",
      "path": "/records",
      "file": "routes/distribution-status.ts",
      "hasValidation": false,
      "riskLevel": "low",
      "lineNumber": 39
    },
    {
      "method": "GET",
      "path": "/records/:id",
      "file": "routes/distribution-status.ts",
      "hasValidation": false,
      "riskLevel": "low",
      "lineNumber": 87
    },
    {
      "method": "GET",
      "path": "/history/:id",
      "file": "routes/distribution-status.ts",
      "hasValidation": false,
      "riskLevel": "low",
      "lineNumber": 134
    },
    {
      "method": "POST",
      "path": "/update/:id",
      "file": "routes/distribution-status.ts",
      "hasValidation": false,
      "riskLevel": "high",
      "lineNumber": 193
    },
    {
      "method": "GET",
      "path": "/statistics",
      "file": "routes/distribution-status.ts",
      "hasValidation": false,
      "riskLevel": "low",
      "lineNumber": 255
    },
    {
      "method": "GET",
      "path": "/",
      "file": "routes/distribution-platforms.ts",
      "hasValidation": false,
      "riskLevel": "low",
      "lineNumber": 123
    },
    {
      "method": "POST",
      "path": "/admin/settings",
      "file": "routes/distribution-platforms.ts",
      "hasValidation": false,
      "riskLevel": "high",
      "lineNumber": 146
    },
    {
      "method": "GET",
      "path": "/availability/:releaseId",
      "file": "routes/distribution-platforms.ts",
      "hasValidation": false,
      "riskLevel": "low",
      "lineNumber": 191
    },
    {
      "method": "GET",
      "path": "/releases/:releaseId",
      "file": "routes/distribution-analytics.ts",
      "hasValidation": false,
      "riskLevel": "low",
      "lineNumber": 35
    },
    {
      "method": "GET",
      "path": "/platform-comparison",
      "file": "routes/distribution-analytics.ts",
      "hasValidation": false,
      "riskLevel": "low",
      "lineNumber": 85
    },
    {
      "method": "GET",
      "path": "/timeline/:releaseId",
      "file": "routes/distribution-analytics.ts",
      "hasValidation": false,
      "riskLevel": "low",
      "lineNumber": 140
    },
    {
      "method": "GET",
      "path": "/geography",
      "file": "routes/distribution-analytics.ts",
      "hasValidation": false,
      "riskLevel": "low",
      "lineNumber": 189
    },
    {
      "method": "GET",
      "path": "/error-patterns",
      "file": "routes/distribution-analytics.ts",
      "hasValidation": false,
      "riskLevel": "low",
      "lineNumber": 228
    },
    {
      "method": "GET",
      "path": "/dashboard",
      "file": "routes/distribution-analytics.ts",
      "hasValidation": false,
      "riskLevel": "low",
      "lineNumber": 266
    },
    {
      "method": "POST",
      "path": "/api-keys",
      "file": "routes/api-access.ts",
      "hasValidation": false,
      "riskLevel": "high",
      "lineNumber": 15
    },
    {
      "method": "GET",
      "path": "/api-keys",
      "file": "routes/api-access.ts",
      "hasValidation": false,
      "riskLevel": "low",
      "lineNumber": 29
    },
    {
      "method": "DELETE",
      "path": "/api-keys/:id",
      "file": "routes/api-access.ts",
      "hasValidation": false,
      "riskLevel": "high",
      "lineNumber": 39
    },
    {
      "method": "GET",
      "path": "/track/:trackId",
      "file": "routes/analytics.ts",
      "hasValidation": false,
      "riskLevel": "low",
      "lineNumber": 26
    },
    {
      "method": "GET",
      "path": "/release/:releaseId",
      "file": "routes/analytics.ts",
      "hasValidation": false,
      "riskLevel": "low",
      "lineNumber": 60
    },
    {
      "method": "GET",
      "path": "/daily-stats",
      "file": "routes/analytics.ts",
      "hasValidation": false,
      "riskLevel": "low",
      "lineNumber": 93
    },
    {
      "method": "GET",
      "path": "/track/:trackId/platform/:platform",
      "file": "routes/analytics.ts",
      "hasValidation": false,
      "riskLevel": "low",
      "lineNumber": 124
    },
    {
      "method": "GET",
      "path": "/catalog-summary",
      "file": "routes/analytics.ts",
      "hasValidation": false,
      "riskLevel": "low",
      "lineNumber": 152
    },
    {
      "method": "POST",
      "path": "/refresh",
      "file": "routes/analytics.ts",
      "hasValidation": false,
      "riskLevel": "high",
      "lineNumber": 177
    },
    {
      "method": "GET",
      "path": "/geographic",
      "file": "routes/analytics.ts",
      "hasValidation": false,
      "riskLevel": "low",
      "lineNumber": 207
    },
    {
      "method": "POST",
      "path": "/approvals/login",
      "file": "routes/admin.ts",
      "hasValidation": true,
      "riskLevel": "high",
      "validationSchema": "adminLoginSchema",
      "lineNumber": 34
    },
    {
      "method": "GET",
      "path": "/approvals/check-session",
      "file": "routes/admin.ts",
      "hasValidation": false,
      "riskLevel": "low",
      "lineNumber": 97
    },
    {
      "method": "GET",
      "path": "/approvals/stats",
      "file": "routes/admin.ts",
      "hasValidation": false,
      "riskLevel": "low",
      "lineNumber": 116
    },
    {
      "method": "GET",
      "path": "/approvals/users",
      "file": "routes/admin.ts",
      "hasValidation": true,
      "riskLevel": "low",
      "validationSchema": "adminUserListSchema",
      "lineNumber": 144
    },
    {
      "method": "POST",
      "path": "/approvals/users/:id/status",
      "file": "routes/admin.ts",
      "hasValidation": true,
      "riskLevel": "high",
      "validationSchema": "userStatusUpdateSchema",
      "lineNumber": 183
    },
    {
      "method": "GET",
      "path": "/approvals/users/:id",
      "file": "routes/admin.ts",
      "hasValidation": true,
      "riskLevel": "low",
      "validationSchema": "userIdParamSchema",
      "lineNumber": 219
    },
    {
      "method": "POST",
      "path": "/approvals/users/batch-approve",
      "file": "routes/admin.ts",
      "hasValidation": true,
      "riskLevel": "high",
      "validationSchema": "batchUserApprovalSchema",
      "lineNumber": 249
    },
    {
      "method": "POST",
      "path": "/approvals/match-tracks",
      "file": "routes/admin.ts",
      "hasValidation": false,
      "riskLevel": "high",
      "lineNumber": 317
    },
    {
      "method": "POST",
      "path": "/approvals/import-revenue",
      "file": "routes/admin.ts",
      "hasValidation": false,
      "riskLevel": "high",
      "lineNumber": 349
    },
    {
      "method": "GET",
      "path": "/approvals/isrc-tracks",
      "file": "routes/admin.ts",
      "hasValidation": false,
      "riskLevel": "low",
      "lineNumber": 444
    },
    {
      "method": "POST",
      "path": "/approvals/update-isrc",
      "file": "routes/admin.ts",
      "hasValidation": false,
      "riskLevel": "high",
      "lineNumber": 465
    },
    {
      "method": "GET",
      "path": "/config",
      "file": "routes/admin-white-label.ts",
      "hasValidation": false,
      "riskLevel": "low",
      "lineNumber": 8
    },
    {
      "method": "POST",
      "path": "/config",
      "file": "routes/admin-white-label.ts",
      "hasValidation": false,
      "riskLevel": "high",
      "lineNumber": 19
    },
    {
      "method": "POST",
      "path": "/domain",
      "file": "routes/admin-white-label.ts",
      "hasValidation": false,
      "riskLevel": "high",
      "lineNumber": 30
    },
    {
      "method": "GET",
      "path": "/theme",
      "file": "routes/admin-white-label.ts",
      "hasValidation": false,
      "riskLevel": "low",
      "lineNumber": 46
    },
    {
      "method": "POST",
      "path": "/backup",
      "file": "routes/admin-white-label.ts",
      "hasValidation": false,
      "riskLevel": "high",
      "lineNumber": 57
    },
    {
      "method": "POST",
      "path": "/restore/:version",
      "file": "routes/admin-white-label.ts",
      "hasValidation": false,
      "riskLevel": "high",
      "lineNumber": 68
    },
    {
      "method": "POST",
      "path": "/metadata",
      "file": "routes/admin-import.ts",
      "hasValidation": false,
      "riskLevel": "high",
      "lineNumber": 210
    },
    {
      "method": "GET",
      "path": "/templates/:template",
      "file": "routes/admin-import.ts",
      "hasValidation": false,
      "riskLevel": "low",
      "lineNumber": 260
    },
    {
      "method": "GET",
      "path": "/releases",
      "file": "routes/admin-export.ts",
      "hasValidation": false,
      "riskLevel": "low",
      "lineNumber": 20
    },
    {
      "method": "GET",
      "path": "/releases/:id/complete",
      "file": "routes/admin-export.ts",
      "hasValidation": false,
      "riskLevel": "low",
      "lineNumber": 33
    },
    {
      "method": "POST",
      "path": "/export/bulk",
      "file": "routes/admin-export.ts",
      "hasValidation": false,
      "riskLevel": "high",
      "lineNumber": 82
    },
    {
      "method": "GET",
      "path": "/pending",
      "file": "routes/admin-approvals.ts",
      "hasValidation": false,
      "riskLevel": "low",
      "lineNumber": 18
    }
  ]
}